{"swagger":"2.0","info":{"title":"Google Maps Connector","description":"Google Maps API Custom Connector","version":"1.0"},"host":"maps.googleapis.com","basePath":"/","schemes":["https"],"consumes":[],"produces":[],"paths":{"/maps/api/geocode/json":{"get":{"responses":{"default":{"description":"default","schema":{}}},"summary":"Geocoding","operationId":"Geocoding","parameters":[{"name":"address","in":"query","required":false,"type":"string"},{"name":"key","in":"query","required":false,"type":"string"},{"name":"latlng","in":"query","required":false,"type":"string","description":"Reverse geocoding transforms geographic coordinates (latitude and longitude) into a human-readable address using the `latlng` parameter."},{"name":"extra_computations","in":"query","required":false,"type":"string","description":"* Address descriptors provide richer location details by including nearby landmarks and areas in geocoding results."},{"name":"Content-Type","in":"header","required":false,"type":"string"}],"description":"The Google Maps Geocoding API converts addresses into geographic coordinates (latitude and longitude) and vice versa. Optionally you can add Address descriptors which provide richer location details by including nearby landmarks and areas in geocoding results."}}},"definitions":{},"parameters":{},"responses":{},"securityDefinitions":{},"security":[],"tags":[]}